"PRODUCT","DRAW NUMBER","DRAW DATE","NUMBER DRAWN 1","NUMBER DRAWN 2","NUMBER DRAWN 3","NUMBER DRAWN 4"
"LOTTO MAX EXTRA",1,"2009-09-25",6,14,51,90
"LOTTO MAX EXTRA",2,"2009-10-02",16,36,52,99
"LOTTO MAX EXTRA",3,"2009-10-09",2,3,13,80
"LOTTO MAX EXTRA",4,"2009-10-16",8,10,15,41
"LOTTO MAX EXTRA",5,"2009-10-23",9,53,79,93
"LOTTO MAX EXTRA",6,"2009-10-30",2,11,90,94
"LOTTO MAX EXTRA",7,"2009-11-06",9,23,79,82
"LOTTO MAX EXTRA",8,"2009-11-13",17,47,64,96
"LOTTO MAX EXTRA",9,"2009-11-20",16,18,71,74
"LOTTO MAX EXTRA",10,"2009-11-27",43,69,77,93
"LOTTO MAX EXTRA",11,"2009-12-04",37,60,65,83
"LOTTO MAX EXTRA",12,"2009-12-11",7,44,54,78
"LOTTO MAX EXTRA",13,"2009-12-18",25,55,85,95
"LOTTO MAX EXTRA",14,"2009-12-25",11,19,57,58
"LOTTO MAX EXTRA",15,"2010-01-01",53,61,86,89
"LOTTO MAX EXTRA",16,"2010-01-08",11,36,58,74
"LOTTO MAX EXTRA",17,"2010-01-15",16,40,41,87
"LOTTO MAX EXTRA",18,"2010-01-22",21,48,63,93
"LOTTO MAX EXTRA",19,"2010-01-29",11,40,45,77
"LOTTO MAX EXTRA",20,"2010-02-05",6,52,80,94
"LOTTO MAX EXTRA",21,"2010-02-12",72,74,82,92
"LOTTO MAX EXTRA",22,"2010-02-19",63,65,73,77
"LOTTO MAX EXTRA",23,"2010-02-26",31,39,42,46
"LOTTO MAX EXTRA",24,"2010-03-05",17,23,26,37
"LOTTO MAX EXTRA",25,"2010-03-12",14,24,82,97
"LOTTO MAX EXTRA",26,"2010-03-19",2,24,65,73
"LOTTO MAX EXTRA",27,"2010-03-26",1,9,40,68
"LOTTO MAX EXTRA",28,"2010-04-02",38,74,84,85
"LOTTO MAX EXTRA",29,"2010-04-09",30,50,55,76
"LOTTO MAX EXTRA",30,"2010-04-16",33,52,58,66
"LOTTO MAX EXTRA",31,"2010-04-23",2,55,64,85
"LOTTO MAX EXTRA",32,"2010-04-30",3,27,49,70
"LOTTO MAX EXTRA",33,"2010-05-07",19,30,37,59
"LOTTO MAX EXTRA",34,"2010-05-14",5,21,28,82
"LOTTO MAX EXTRA",35,"2010-05-21",4,50,52,71
"LOTTO MAX EXTRA",36,"2010-05-28",13,27,35,48
"LOTTO MAX EXTRA",37,"2010-06-04",7,31,75,91
"LOTTO MAX EXTRA",38,"2010-06-11",6,11,62,76
"LOTTO MAX EXTRA",39,"2010-06-18",11,12,59,87
"LOTTO MAX EXTRA",40,"2010-06-25",3,35,76,96
"LOTTO MAX EXTRA",41,"2010-07-02",34,84,85,89
"LOTTO MAX EXTRA",42,"2010-07-09",25,36,45,91
"LOTTO MAX EXTRA",43,"2010-07-16",10,41,77,97
"LOTTO MAX EXTRA",44,"2010-07-23",9,60,87,98
"LOTTO MAX EXTRA",45,"2010-07-30",39,75,86,93
"LOTTO MAX EXTRA",46,"2010-08-06",7,19,94,95
"LOTTO MAX EXTRA",47,"2010-08-13",3,13,43,82
"LOTTO MAX EXTRA",48,"2010-08-20",2,25,46,52
"LOTTO MAX EXTRA",49,"2010-08-27",4,12,23,95
"LOTTO MAX EXTRA",50,"2010-09-03",17,30,61,67
"LOTTO MAX EXTRA",51,"2010-09-10",1,4,43,63
"LOTTO MAX EXTRA",52,"2010-09-17",8,53,82,90
"LOTTO MAX EXTRA",53,"2010-09-24",42,53,60,84
"LOTTO MAX EXTRA",54,"2010-10-01",1,19,34,88
"LOTTO MAX EXTRA",55,"2010-10-08",10,20,29,47
"LOTTO MAX EXTRA",56,"2010-10-15",12,15,54,94
"LOTTO MAX EXTRA",57,"2010-10-22",37,73,81,96
"LOTTO MAX EXTRA",58,"2010-10-29",4,43,50,73
"LOTTO MAX EXTRA",59,"2010-11-05",15,18,30,48
"LOTTO MAX EXTRA",60,"2010-11-12",33,46,60,73
"LOTTO MAX EXTRA",61,"2010-11-19",29,39,60,94
"LOTTO MAX EXTRA",62,"2010-11-26",32,67,85,87
"LOTTO MAX EXTRA",63,"2010-12-03",41,45,79,99
"LOTTO MAX EXTRA",64,"2010-12-10",77,83,84,96
"LOTTO MAX EXTRA",65,"2010-12-17",3,11,21,23
"LOTTO MAX EXTRA",66,"2010-12-24",64,69,70,71
"LOTTO MAX EXTRA",67,"2010-12-31",33,42,71,80
"LOTTO MAX EXTRA",68,"2011-01-07",41,52,84,89
"LOTTO MAX EXTRA",69,"2011-01-14",14,38,73,86
"LOTTO MAX EXTRA",70,"2011-01-21",39,57,64,89
"LOTTO MAX EXTRA",71,"2011-01-28",36,79,81,98
"LOTTO MAX EXTRA",72,"2011-02-04",17,57,59,74
"LOTTO MAX EXTRA",73,"2011-02-11",44,66,80,91
"LOTTO MAX EXTRA",74,"2011-02-18",1,33,55,77
"LOTTO MAX EXTRA",75,"2011-02-25",12,48,54,93
"LOTTO MAX EXTRA",76,"2011-03-04",11,33,62,91
"LOTTO MAX EXTRA",77,"2011-03-11",15,34,49,92
"LOTTO MAX EXTRA",78,"2011-03-18",47,57,82,98
"LOTTO MAX EXTRA",79,"2011-03-25",7,22,24,60
"LOTTO MAX EXTRA",80,"2011-04-01",39,49,57,64
"LOTTO MAX EXTRA",81,"2011-04-08",13,38,43,62
"LOTTO MAX EXTRA",82,"2011-04-15",7,23,35,87
"LOTTO MAX EXTRA",83,"2011-04-22",24,61,62,83
"LOTTO MAX EXTRA",84,"2011-04-29",42,77,83,86
"LOTTO MAX EXTRA",85,"2011-05-06",20,22,53,71
"LOTTO MAX EXTRA",86,"2011-05-13",2,50,80,96
"LOTTO MAX EXTRA",87,"2011-05-20",7,9,11,44
"LOTTO MAX EXTRA",88,"2011-05-27",9,17,59,80
"LOTTO MAX EXTRA",89,"2011-06-03",20,40,44,97
"LOTTO MAX EXTRA",90,"2011-06-10",7,23,38,78
"LOTTO MAX EXTRA",91,"2011-06-17",32,35,36,37
"LOTTO MAX EXTRA",92,"2011-06-24",28,42,63,84
"LOTTO MAX EXTRA",93,"2011-07-01",8,22,70,79
"LOTTO MAX EXTRA",94,"2011-07-08",73,79,90,97
"LOTTO MAX EXTRA",95,"2011-07-15",6,71,86,90
"LOTTO MAX EXTRA",96,"2011-07-22",64,81,87,95
"LOTTO MAX EXTRA",97,"2011-07-29",10,46,77,80
"LOTTO MAX EXTRA",98,"2011-08-05",2,24,51,78
"LOTTO MAX EXTRA",99,"2011-08-12",1,58,66,86
"LOTTO MAX EXTRA",100,"2011-08-19",57,60,65,70
"LOTTO MAX EXTRA",101,"2011-08-26",11,31,85,86
"LOTTO MAX EXTRA",102,"2011-09-02",31,41,68,78
"LOTTO MAX EXTRA",103,"2011-09-09",28,29,30,98
"LOTTO MAX EXTRA",104,"2011-09-16",10,11,48,88
"LOTTO MAX EXTRA",105,"2011-09-23",2,31,63,84
"LOTTO MAX EXTRA",106,"2011-09-30",1,2,55,96
"LOTTO MAX EXTRA",107,"2011-10-07",7,15,18,32
"LOTTO MAX EXTRA",108,"2011-10-14",22,46,53,88
"LOTTO MAX EXTRA",109,"2011-10-21",12,27,39,83
"LOTTO MAX EXTRA",110,"2011-10-28",2,5,19,52
"LOTTO MAX EXTRA",111,"2011-11-04",7,14,29,70
"LOTTO MAX EXTRA",112,"2011-11-11",2,20,74,83
"LOTTO MAX EXTRA",113,"2011-11-18",29,35,46,56
"LOTTO MAX EXTRA",114,"2011-11-25",7,56,73,74
"LOTTO MAX EXTRA",115,"2011-12-02",6,8,87,95
"LOTTO MAX EXTRA",116,"2011-12-09",3,38,50,91
"LOTTO MAX EXTRA",117,"2011-12-16",8,16,30,53
"LOTTO MAX EXTRA",118,"2011-12-23",5,27,67,85
"LOTTO MAX EXTRA",119,"2011-12-30",23,32,39,94
"LOTTO MAX EXTRA",120,"2012-01-06",36,37,76,95
"LOTTO MAX EXTRA",121,"2012-01-13",15,23,33,93
"LOTTO MAX EXTRA",122,"2012-01-20",13,19,62,67
"LOTTO MAX EXTRA",123,"2012-01-27",24,66,87,91
"LOTTO MAX EXTRA",124,"2012-02-03",14,43,52,88
"LOTTO MAX EXTRA",125,"2012-02-10",7,31,35,78
"LOTTO MAX EXTRA",126,"2012-02-17",9,19,45,78
"LOTTO MAX EXTRA",127,"2012-02-24",12,18,93,95
"LOTTO MAX EXTRA",128,"2012-03-02",14,34,47,79
"LOTTO MAX EXTRA",129,"2012-03-09",32,39,53,81
"LOTTO MAX EXTRA",130,"2012-03-16",5,41,88,89
"LOTTO MAX EXTRA",131,"2012-03-23",61,74,76,84
"LOTTO MAX EXTRA",132,"2012-03-30",13,14,63,82
"LOTTO MAX EXTRA",133,"2012-04-06",14,60,83,92
"LOTTO MAX EXTRA",134,"2012-04-13",17,72,80,99
"LOTTO MAX EXTRA",135,"2012-04-20",16,35,44,58
"LOTTO MAX EXTRA",136,"2012-04-27",36,38,69,97
"LOTTO MAX EXTRA",137,"2012-05-04",16,19,26,52
"LOTTO MAX EXTRA",138,"2012-05-11",12,38,60,73
"LOTTO MAX EXTRA",139,"2012-05-18",36,45,65,81
"LOTTO MAX EXTRA",140,"2012-05-25",50,56,88,97
"LOTTO MAX EXTRA",141,"2012-06-01",28,39,57,81
"LOTTO MAX EXTRA",142,"2012-06-08",3,32,87,95
"LOTTO MAX EXTRA",143,"2012-06-15",17,43,49,51
"LOTTO MAX EXTRA",144,"2012-06-22",13,38,61,88
"LOTTO MAX EXTRA",145,"2012-06-29",48,61,74,97
"LOTTO MAX EXTRA",146,"2012-07-06",4,6,63,72
"LOTTO MAX EXTRA",147,"2012-07-13",26,41,46,81
"LOTTO MAX EXTRA",148,"2012-07-20",29,43,45,76
"LOTTO MAX EXTRA",149,"2012-07-27",9,43,84,93
"LOTTO MAX EXTRA",150,"2012-08-03",19,63,92,95
"LOTTO MAX EXTRA",151,"2012-08-10",2,9,17,62
"LOTTO MAX EXTRA",152,"2012-08-17",7,46,49,76
"LOTTO MAX EXTRA",153,"2012-08-24",2,14,50,73
"LOTTO MAX EXTRA",154,"2012-08-31",33,48,55,95
"LOTTO MAX EXTRA",155,"2012-09-07",43,53,73,79
"LOTTO MAX EXTRA",156,"2012-09-14",7,18,73,74
"LOTTO MAX EXTRA",157,"2012-09-21",25,37,73,98
"LOTTO MAX EXTRA",158,"2012-09-28",34,48,82,90
"LOTTO MAX EXTRA",159,"2012-10-05",1,68,77,98
"LOTTO MAX EXTRA",160,"2012-10-12",10,15,51,58
"LOTTO MAX EXTRA",161,"2012-10-19",1,19,37,60
"LOTTO MAX EXTRA",162,"2012-10-26",49,74,83,85
"LOTTO MAX EXTRA",163,"2012-11-02",1,9,28,96
"LOTTO MAX EXTRA",164,"2012-11-09",35,56,57,74
"LOTTO MAX EXTRA",165,"2012-11-16",7,15,18,59
"LOTTO MAX EXTRA",166,"2012-11-23",1,64,66,96
"LOTTO MAX EXTRA",167,"2012-11-30",11,28,66,93
"LOTTO MAX EXTRA",168,"2012-12-07",10,86,89,94
"LOTTO MAX EXTRA",169,"2012-12-14",5,15,24,96
"LOTTO MAX EXTRA",170,"2012-12-21",3,4,69,74
"LOTTO MAX EXTRA",171,"2012-12-28",53,59,69,97
"LOTTO MAX EXTRA",172,"2013-01-04",10,60,74,79
"LOTTO MAX EXTRA",173,"2013-01-11",10,24,41,91
"LOTTO MAX EXTRA",174,"2013-01-18",49,76,94,97
"LOTTO MAX EXTRA",175,"2013-01-25",51,62,67,75
"LOTTO MAX EXTRA",176,"2013-02-01",17,57,81,95
"LOTTO MAX EXTRA",177,"2013-02-08",20,50,59,81
"LOTTO MAX EXTRA",178,"2013-02-15",12,21,45,51
"LOTTO MAX EXTRA",179,"2013-02-22",5,7,12,42
"LOTTO MAX EXTRA",180,"2013-03-01",18,24,77,93
"LOTTO MAX EXTRA",181,"2013-03-08",36,51,57,71
"LOTTO MAX EXTRA",182,"2013-03-15",7,50,78,98
"LOTTO MAX EXTRA",183,"2013-03-22",3,51,74,97
"LOTTO MAX EXTRA",184,"2013-03-29",12,35,50,55
"LOTTO MAX EXTRA",185,"2013-04-05",26,74,79,87
"LOTTO MAX EXTRA",186,"2013-04-12",51,78,82,83
"LOTTO MAX EXTRA",187,"2013-04-19",3,9,52,96
"LOTTO MAX EXTRA",188,"2013-04-26",3,39,69,71
"LOTTO MAX EXTRA",189,"2013-05-03",51,57,72,90
"LOTTO MAX EXTRA",190,"2013-05-10",15,18,44,93
"LOTTO MAX EXTRA",191,"2013-05-17",6,8,38,85
"LOTTO MAX EXTRA",192,"2013-05-24",15,47,86,87
"LOTTO MAX EXTRA",193,"2013-05-31",26,48,49,78
"LOTTO MAX EXTRA",194,"2013-06-07",23,27,66,95
"LOTTO MAX EXTRA",195,"2013-06-14",26,39,55,96
"LOTTO MAX EXTRA",196,"2013-06-21",16,18,52,88
"LOTTO MAX EXTRA",197,"2013-06-28",5,59,83,86
"LOTTO MAX EXTRA",198,"2013-07-05",23,40,68,93
"LOTTO MAX EXTRA",199,"2013-07-12",7,44,57,71
"LOTTO MAX EXTRA",200,"2013-07-19",15,33,53,60
"LOTTO MAX EXTRA",201,"2013-07-26",27,36,41,98
"LOTTO MAX EXTRA",202,"2013-08-02",41,61,68,70
"LOTTO MAX EXTRA",203,"2013-08-09",8,26,76,85
"LOTTO MAX EXTRA",204,"2013-08-16",17,36,63,84
"LOTTO MAX EXTRA",205,"2013-08-23",13,20,33,36
"LOTTO MAX EXTRA",206,"2013-08-30",20,30,49,61
"LOTTO MAX EXTRA",207,"2013-09-06",1,24,61,67
"LOTTO MAX EXTRA",208,"2013-09-13",18,26,47,57
"LOTTO MAX EXTRA",209,"2013-09-20",29,37,77,85
"LOTTO MAX EXTRA",210,"2013-09-27",13,19,64,71
"LOTTO MAX EXTRA",211,"2013-10-04",6,57,80,98
"LOTTO MAX EXTRA",212,"2013-10-11",14,20,59,76
"LOTTO MAX EXTRA",213,"2013-10-18",34,40,60,74
"LOTTO MAX EXTRA",214,"2013-10-25",21,25,32,70
"LOTTO MAX EXTRA",215,"2013-11-01",2,10,11,53
"LOTTO MAX EXTRA",216,"2013-11-08",15,41,71,80
"LOTTO MAX EXTRA",217,"2013-11-15",9,26,29,54
"LOTTO MAX EXTRA",218,"2013-11-22",2,5,22,91
"LOTTO MAX EXTRA",219,"2013-11-29",2,48,78,98
"LOTTO MAX EXTRA",220,"2013-12-06",10,41,48,95
"LOTTO MAX EXTRA",221,"2013-12-13",2,16,51,65
"LOTTO MAX EXTRA",222,"2013-12-20",67,76,88,90
"LOTTO MAX EXTRA",223,"2013-12-27",12,29,66,92
"LOTTO MAX EXTRA",224,"2014-01-03",40,51,60,77
"LOTTO MAX EXTRA",225,"2014-01-10",15,28,63,89
"LOTTO MAX EXTRA",226,"2014-01-17",42,59,63,94
"LOTTO MAX EXTRA",227,"2014-01-24",15,81,91,93
"LOTTO MAX EXTRA",228,"2014-01-31",12,36,62,83
"LOTTO MAX EXTRA",229,"2014-02-07",6,22,54,58
"LOTTO MAX EXTRA",230,"2014-02-14",37,44,64,88
"LOTTO MAX EXTRA",231,"2014-02-21",36,62,71,97
"LOTTO MAX EXTRA",232,"2014-02-28",2,15,44,56
"LOTTO MAX EXTRA",233,"2014-03-07",11,52,73,80
"LOTTO MAX EXTRA",234,"2014-03-14",25,39,58,84
"LOTTO MAX EXTRA",235,"2014-03-21",23,50,71,87
"LOTTO MAX EXTRA",236,"2014-03-28",2,37,71,89
"LOTTO MAX EXTRA",237,"2014-04-04",37,61,92,95
"LOTTO MAX EXTRA",238,"2014-04-11",14,48,50,77
"LOTTO MAX EXTRA",239,"2014-04-18",19,44,88,89
"LOTTO MAX EXTRA",240,"2014-04-25",21,70,77,86
"LOTTO MAX EXTRA",241,"2014-05-02",6,8,34,64
"LOTTO MAX EXTRA",242,"2014-05-09",31,48,68,96
"LOTTO MAX EXTRA",243,"2014-05-16",38,51,60,71
"LOTTO MAX EXTRA",244,"2014-05-23",35,60,78,89
"LOTTO MAX EXTRA",245,"2014-05-30",3,7,27,35
"LOTTO MAX EXTRA",246,"2014-06-06",4,54,79,82
"LOTTO MAX EXTRA",247,"2014-06-13",1,40,64,86
"LOTTO MAX EXTRA",248,"2014-06-20",48,65,72,83
"LOTTO MAX EXTRA",249,"2014-06-27",12,39,57,84
"LOTTO MAX EXTRA",250,"2014-07-04",40,50,68,92
"LOTTO MAX EXTRA",251,"2014-07-11",3,26,46,80
"LOTTO MAX EXTRA",252,"2014-07-18",36,57,61,85
"LOTTO MAX EXTRA",253,"2014-07-25",21,46,52,69
"LOTTO MAX EXTRA",254,"2014-08-01",6,7,31,99
"LOTTO MAX EXTRA",255,"2014-08-08",2,42,49,66
"LOTTO MAX EXTRA",256,"2014-08-15",49,54,63,76
"LOTTO MAX EXTRA",257,"2014-08-22",4,31,39,64
"LOTTO MAX EXTRA",258,"2014-08-29",51,65,68,92
"LOTTO MAX EXTRA",259,"2014-09-05",8,54,58,73
"LOTTO MAX EXTRA",260,"2014-09-12",41,59,82,99
"LOTTO MAX EXTRA",261,"2014-09-19",41,50,54,70
"LOTTO MAX EXTRA",262,"2014-09-26",7,59,70,90
"LOTTO MAX EXTRA",263,"2014-10-03",7,11,29,78
"LOTTO MAX EXTRA",264,"2014-10-10",8,39,47,52
"LOTTO MAX EXTRA",265,"2014-10-17",13,54,65,69
"LOTTO MAX EXTRA",266,"2014-10-24",11,41,45,83
"LOTTO MAX EXTRA",267,"2014-10-31",23,54,58,94
"LOTTO MAX EXTRA",268,"2014-11-07",45,70,76,80
"LOTTO MAX EXTRA",269,"2014-11-14",38,61,77,81
"LOTTO MAX EXTRA",270,"2014-11-21",16,30,83,91
"LOTTO MAX EXTRA",271,"2014-11-28",13,52,77,78
"LOTTO MAX EXTRA",272,"2014-12-05",2,3,5,61
"LOTTO MAX EXTRA",273,"2014-12-12",14,51,61,76
"LOTTO MAX EXTRA",274,"2014-12-19",22,28,55,87
"LOTTO MAX EXTRA",275,"2014-12-26",23,27,60,83
"LOTTO MAX EXTRA",276,"2015-01-02",9,30,61,93
"LOTTO MAX EXTRA",277,"2015-01-09",2,33,42,84
"LOTTO MAX EXTRA",278,"2015-01-16",30,37,75,88
"LOTTO MAX EXTRA",279,"2015-01-23",1,13,27,79
"LOTTO MAX EXTRA",280,"2015-01-30",30,41,44,91
"LOTTO MAX EXTRA",281,"2015-02-06",7,41,43,97
"LOTTO MAX EXTRA",282,"2015-02-13",6,81,84,95
"LOTTO MAX EXTRA",283,"2015-02-20",49,52,73,80
"LOTTO MAX EXTRA",284,"2015-02-27",60,75,77,87
"LOTTO MAX EXTRA",285,"2015-03-06",2,8,28,43
"LOTTO MAX EXTRA",286,"2015-03-13",7,14,56,64
"LOTTO MAX EXTRA",287,"2015-03-20",3,6,41,63
"LOTTO MAX EXTRA",288,"2015-03-27",53,59,77,86
"LOTTO MAX EXTRA",289,"2015-04-03",2,49,73,89
"LOTTO MAX EXTRA",290,"2015-04-10",40,58,68,73
"LOTTO MAX EXTRA",291,"2015-04-17",22,47,50,93
"LOTTO MAX EXTRA",292,"2015-04-24",8,9,51,90
"LOTTO MAX EXTRA",293,"2015-05-01",20,34,41,97
"LOTTO MAX EXTRA",294,"2015-05-08",7,32,65,94
"LOTTO MAX EXTRA",295,"2015-05-15",43,51,70,85
"LOTTO MAX EXTRA",296,"2015-05-22",9,16,22,34
"LOTTO MAX EXTRA",297,"2015-05-29",24,85,90,95
"LOTTO MAX EXTRA",298,"2015-06-05",29,34,57,69
"LOTTO MAX EXTRA",299,"2015-06-12",18,27,72,93
"LOTTO MAX EXTRA",300,"2015-06-19",7,20,39,71
"LOTTO MAX EXTRA",301,"2015-06-26",25,30,72,85
"LOTTO MAX EXTRA",302,"2015-07-03",2,30,68,70
"LOTTO MAX EXTRA",303,"2015-07-10",4,10,28,70
"LOTTO MAX EXTRA",304,"2015-07-17",20,35,37,95
"LOTTO MAX EXTRA",305,"2015-07-24",4,44,64,87
"LOTTO MAX EXTRA",306,"2015-07-31",22,59,63,91
"LOTTO MAX EXTRA",307,"2015-08-07",73,74,77,88
"LOTTO MAX EXTRA",308,"2015-08-14",48,51,60,69
"LOTTO MAX EXTRA",309,"2015-08-21",53,90,91,99
"LOTTO MAX EXTRA",310,"2015-08-28",31,36,47,85
"LOTTO MAX EXTRA",311,"2015-09-04",49,57,77,85
"LOTTO MAX EXTRA",312,"2015-09-11",62,64,66,82
"LOTTO MAX EXTRA",313,"2015-09-18",2,21,72,89
"LOTTO MAX EXTRA",314,"2015-09-25",7,9,43,57
"LOTTO MAX EXTRA",315,"2015-10-02",16,60,77,80
"LOTTO MAX EXTRA",316,"2015-10-09",4,19,26,95
"LOTTO MAX EXTRA",317,"2015-10-16",21,56,76,99
"LOTTO MAX EXTRA",318,"2015-10-23",15,16,37,76
"LOTTO MAX EXTRA",319,"2015-10-30",16,48,51,63
"LOTTO MAX EXTRA",320,"2015-11-06",7,29,34,48
"LOTTO MAX EXTRA",321,"2015-11-13",19,63,90,92
"LOTTO MAX EXTRA",322,"2015-11-20",40,47,73,87
"LOTTO MAX EXTRA",323,"2015-11-27",8,82,95,98
"LOTTO MAX EXTRA",324,"2015-12-04",2,5,8,85
"LOTTO MAX EXTRA",325,"2015-12-11",5,22,27,99
"LOTTO MAX EXTRA",326,"2015-12-18",41,62,80,92
"LOTTO MAX EXTRA",327,"2015-12-25",10,25,44,48
"LOTTO MAX EXTRA",328,"2016-01-01",44,45,50,52
"LOTTO MAX EXTRA",329,"2016-01-08",10,40,62,74
"LOTTO MAX EXTRA",330,"2016-01-15",23,45,81,98
"LOTTO MAX EXTRA",331,"2016-01-22",35,56,69,78
"LOTTO MAX EXTRA",332,"2016-01-29",9,21,53,98
"LOTTO MAX EXTRA",333,"2016-02-05",25,44,50,90
"LOTTO MAX EXTRA",334,"2016-02-12",28,40,59,62
"LOTTO MAX EXTRA",335,"2016-02-19",33,47,89,95
"LOTTO MAX EXTRA",336,"2016-02-26",9,21,83,84
"LOTTO MAX EXTRA",337,"2016-03-04",2,4,75,76
"LOTTO MAX EXTRA",338,"2016-03-11",15,27,31,41
"LOTTO MAX EXTRA",339,"2016-03-18",4,52,54,87
"LOTTO MAX EXTRA",340,"2016-03-25",7,27,64,88
"LOTTO MAX EXTRA",341,"2016-04-01",1,8,27,93
"LOTTO MAX EXTRA",342,"2016-04-08",19,30,35,48
"LOTTO MAX EXTRA",343,"2016-04-15",36,55,86,98
"LOTTO MAX EXTRA",344,"2016-04-22",33,42,53,82
"LOTTO MAX EXTRA",345,"2016-04-29",10,69,87,98
"LOTTO MAX EXTRA",346,"2016-05-06",32,69,83,88
"LOTTO MAX EXTRA",347,"2016-05-13",28,42,75,91
"LOTTO MAX EXTRA",348,"2016-05-20",55,65,69,95
"LOTTO MAX EXTRA",349,"2016-05-27",46,50,76,78
"LOTTO MAX EXTRA",350,"2016-06-03",1,37,57,74
"LOTTO MAX EXTRA",351,"2016-06-10",28,30,66,95
"LOTTO MAX EXTRA",352,"2016-06-17",19,70,85,94
"LOTTO MAX EXTRA",353,"2016-06-24",18,21,48,66
"LOTTO MAX EXTRA",354,"2016-07-01",16,25,26,78
"LOTTO MAX EXTRA",355,"2016-07-08",11,37,44,83
"LOTTO MAX EXTRA",356,"2016-07-15",49,52,77,82
"LOTTO MAX EXTRA",357,"2016-07-22",32,36,61,98
"LOTTO MAX EXTRA",358,"2016-07-29",5,6,9,93
"LOTTO MAX EXTRA",359,"2016-08-05",9,28,69,82
"LOTTO MAX EXTRA",360,"2016-08-12",3,34,68,91
"LOTTO MAX EXTRA",361,"2016-08-19",3,20,62,75
"LOTTO MAX EXTRA",362,"2016-08-26",7,45,85,86
"LOTTO MAX EXTRA",363,"2016-09-02",51,54,74,77
"LOTTO MAX EXTRA",364,"2016-09-09",34,62,69,91
"LOTTO MAX EXTRA",365,"2016-09-16",26,31,47,69
"LOTTO MAX EXTRA",366,"2016-09-23",13,21,26,88
"LOTTO MAX EXTRA",367,"2016-09-30",18,65,69,73
"LOTTO MAX EXTRA",368,"2016-10-07",11,59,67,91
"LOTTO MAX EXTRA",369,"2016-10-14",6,22,66,85
"LOTTO MAX EXTRA",370,"2016-10-21",7,18,49,65
"LOTTO MAX EXTRA",371,"2016-10-28",4,22,56,85
"LOTTO MAX EXTRA",372,"2016-11-04",25,60,61,80
"LOTTO MAX EXTRA",373,"2016-11-11",76,81,87,88
"LOTTO MAX EXTRA",374,"2016-11-18",11,52,80,89
"LOTTO MAX EXTRA",375,"2016-11-25",13,76,82,89
"LOTTO MAX EXTRA",376,"2016-12-02",19,37,88,91
"LOTTO MAX EXTRA",377,"2016-12-09",17,38,82,98
"LOTTO MAX EXTRA",378,"2016-12-16",4,48,57,59
"LOTTO MAX EXTRA",379,"2016-12-23",7,9,70,79
"LOTTO MAX EXTRA",380,"2016-12-30",17,38,66,84
"LOTTO MAX EXTRA",381,"2017-01-06",20,26,66,69
"LOTTO MAX EXTRA",382,"2017-01-13",8,10,11,63
"LOTTO MAX EXTRA",383,"2017-01-20",3,12,49,87
"LOTTO MAX EXTRA",384,"2017-01-27",3,34,72,78
"LOTTO MAX EXTRA",385,"2017-02-03",37,60,89,98
"LOTTO MAX EXTRA",386,"2017-02-10",3,7,10,99
"LOTTO MAX EXTRA",387,"2017-02-17",10,35,44,59
"LOTTO MAX EXTRA",388,"2017-02-24",25,63,72,77
"LOTTO MAX EXTRA",389,"2017-03-03",54,63,77,92
"LOTTO MAX EXTRA",390,"2017-03-10",17,29,31,63
"LOTTO MAX EXTRA",391,"2017-03-17",5,27,30,72
"LOTTO MAX EXTRA",392,"2017-03-24",8,10,18,83
"LOTTO MAX EXTRA",393,"2017-03-31",26,49,52,94
"LOTTO MAX EXTRA",394,"2017-04-07",3,70,75,77
"LOTTO MAX EXTRA",395,"2017-04-14",31,33,34,52
"LOTTO MAX EXTRA",396,"2017-04-21",16,33,79,96
"LOTTO MAX EXTRA",397,"2017-04-28",2,57,77,84
"LOTTO MAX EXTRA",398,"2017-05-05",6,11,52,63
"LOTTO MAX EXTRA",399,"2017-05-12",21,22,35,42
"LOTTO MAX EXTRA",400,"2017-05-19",1,7,68,78
"LOTTO MAX EXTRA",401,"2017-05-26",3,18,81,96
"LOTTO MAX EXTRA",402,"2017-06-02",17,19,90,93
"LOTTO MAX EXTRA",403,"2017-06-09",44,56,66,87
"LOTTO MAX EXTRA",404,"2017-06-16",37,55,98,99
"LOTTO MAX EXTRA",405,"2017-06-23",6,14,19,61
"LOTTO MAX EXTRA",406,"2017-06-30",30,34,62,68
"LOTTO MAX EXTRA",407,"2017-07-07",20,36,59,88
"LOTTO MAX EXTRA",408,"2017-07-14",35,36,40,96
"LOTTO MAX EXTRA",409,"2017-07-21",7,18,63,80
"LOTTO MAX EXTRA",410,"2017-07-28",30,51,65,93
"LOTTO MAX EXTRA",411,"2017-08-04",10,22,59,99
"LOTTO MAX EXTRA",412,"2017-08-11",24,65,66,74
"LOTTO MAX EXTRA",413,"2017-08-18",31,69,82,92
"LOTTO MAX EXTRA",414,"2017-08-25",17,18,36,89
"LOTTO MAX EXTRA",415,"2017-09-01",31,58,81,89
"LOTTO MAX EXTRA",416,"2017-09-08",2,18,51,59
"LOTTO MAX EXTRA",417,"2017-09-15",13,53,59,90
"LOTTO MAX EXTRA",418,"2017-09-22",3,20,30,59
"LOTTO MAX EXTRA",419,"2017-09-29",1,25,28,96
"LOTTO MAX EXTRA",420,"2017-10-06",1,58,68,71
"LOTTO MAX EXTRA",421,"2017-10-13",23,34,87,88
"LOTTO MAX EXTRA",422,"2017-10-20",2,46,63,66
"LOTTO MAX EXTRA",423,"2017-10-27",18,23,53,77
"LOTTO MAX EXTRA",424,"2017-11-03",13,43,77,88
"LOTTO MAX EXTRA",425,"2017-11-10",1,45,52,57
"LOTTO MAX EXTRA",426,"2017-11-17",56,65,73,91
"LOTTO MAX EXTRA",427,"2017-11-24",11,46,60,70
"LOTTO MAX EXTRA",428,"2017-12-01",7,15,24,33
"LOTTO MAX EXTRA",429,"2017-12-08",17,78,82,92
"LOTTO MAX EXTRA",430,"2017-12-15",18,31,58,69
"LOTTO MAX EXTRA",431,"2017-12-22",6,23,71,80
"LOTTO MAX EXTRA",432,"2017-12-29",21,54,55,60
"LOTTO MAX EXTRA",433,"2018-01-05",63,70,80,96
"LOTTO MAX EXTRA",434,"2018-01-12",60,64,72,86
"LOTTO MAX EXTRA",435,"2018-01-19",44,64,70,89
"LOTTO MAX EXTRA",436,"2018-01-26",31,40,60,63
"LOTTO MAX EXTRA",437,"2018-02-02",6,52,58,70
"LOTTO MAX EXTRA",438,"2018-02-09",6,11,40,58
"LOTTO MAX EXTRA",439,"2018-02-16",10,43,83,93
"LOTTO MAX EXTRA",440,"2018-02-23",4,48,77,91
"LOTTO MAX EXTRA",441,"2018-03-02",21,23,55,78
"LOTTO MAX EXTRA",442,"2018-03-09",40,56,59,63
"LOTTO MAX EXTRA",443,"2018-03-16",14,36,65,89
"LOTTO MAX EXTRA",444,"2018-03-23",16,35,77,82
"LOTTO MAX EXTRA",445,"2018-03-30",21,44,48,65
"LOTTO MAX EXTRA",446,"2018-04-06",9,36,44,55
"LOTTO MAX EXTRA",447,"2018-04-13",33,72,87,92
"LOTTO MAX EXTRA",448,"2018-04-20",28,45,66,67
"LOTTO MAX EXTRA",449,"2018-04-27",18,32,70,97
"LOTTO MAX EXTRA",450,"2018-05-04",2,5,10,80
"LOTTO MAX EXTRA",451,"2018-05-11",27,68,82,91
"LOTTO MAX EXTRA",452,"2018-05-18",2,57,68,83
"LOTTO MAX EXTRA",453,"2018-05-25",21,27,68,70
"LOTTO MAX EXTRA",454,"2018-06-01",14,32,36,97
"LOTTO MAX EXTRA",455,"2018-06-08",20,25,61,92
"LOTTO MAX EXTRA",456,"2018-06-15",32,39,41,83
"LOTTO MAX EXTRA",457,"2018-06-22",3,50,64,88
"LOTTO MAX EXTRA",458,"2018-06-29",40,46,89,98
"LOTTO MAX EXTRA",459,"2018-07-06",10,11,75,89
"LOTTO MAX EXTRA",460,"2018-07-13",14,21,23,24
"LOTTO MAX EXTRA",461,"2018-07-20",23,68,73,80
"LOTTO MAX EXTRA",462,"2018-07-27",4,56,63,87
"LOTTO MAX EXTRA",463,"2018-08-03",19,33,35,46
"LOTTO MAX EXTRA",464,"2018-08-10",30,43,53,98
"LOTTO MAX EXTRA",465,"2018-08-17",47,67,69,71
"LOTTO MAX EXTRA",466,"2018-08-24",13,61,83,98
"LOTTO MAX EXTRA",467,"2018-08-31",21,89,90,97
"LOTTO MAX EXTRA",468,"2018-09-07",10,23,91,92
"LOTTO MAX EXTRA",469,"2018-09-14",4,19,25,94
"LOTTO MAX EXTRA",470,"2018-09-21",24,48,55,99
"LOTTO MAX EXTRA",471,"2018-09-28",4,52,67,85
"LOTTO MAX EXTRA",472,"2018-10-05",60,66,96,98
"LOTTO MAX EXTRA",473,"2018-10-12",8,28,56,90
"LOTTO MAX EXTRA",474,"2018-10-19",5,14,79,98
"LOTTO MAX EXTRA",475,"2018-10-26",15,57,94,97
"LOTTO MAX EXTRA",476,"2018-11-02",6,18,52,87
"LOTTO MAX EXTRA",477,"2018-11-09",2,4,18,46
"LOTTO MAX EXTRA",478,"2018-11-16",58,62,73,83
"LOTTO MAX EXTRA",479,"2018-11-23",39,40,74,96
"LOTTO MAX EXTRA",480,"2018-11-30",1,21,58,94
"LOTTO MAX EXTRA",481,"2018-12-07",19,28,32,97
"LOTTO MAX EXTRA",482,"2018-12-14",16,25,37,97
"LOTTO MAX EXTRA",483,"2018-12-21",1,5,25,77
"LOTTO MAX EXTRA",484,"2018-12-28",4,37,40,52
"LOTTO MAX EXTRA",485,"2019-01-04",12,59,72,74
"LOTTO MAX EXTRA",486,"2019-01-11",23,32,51,98
"LOTTO MAX EXTRA",487,"2019-01-18",10,42,59,77
"LOTTO MAX EXTRA",488,"2019-01-25",37,79,95,96
"LOTTO MAX EXTRA",489,"2019-02-01",13,48,50,96
"LOTTO MAX EXTRA",490,"2019-02-08",29,61,70,89
"LOTTO MAX EXTRA",491,"2019-02-15",4,24,80,95
"LOTTO MAX EXTRA",492,"2019-02-22",15,57,69,77
"LOTTO MAX EXTRA",493,"2019-03-01",8,33,57,97
"LOTTO MAX EXTRA",494,"2019-03-08",3,25,34,88
"LOTTO MAX EXTRA",495,"2019-03-15",72,75,81,83
"LOTTO MAX EXTRA",496,"2019-03-22",10,63,89,99
"LOTTO MAX EXTRA",497,"2019-03-29",28,29,69,79
"LOTTO MAX EXTRA",498,"2019-04-05",4,11,58,61
"LOTTO MAX EXTRA",499,"2019-04-12",43,49,50,86
"LOTTO MAX EXTRA",500,"2019-04-19",46,53,63,99
"LOTTO MAX EXTRA",501,"2019-04-26",3,31,87,97
"LOTTO MAX EXTRA",502,"2019-05-03",23,43,65,91
"LOTTO MAX EXTRA",503,"2019-05-10",17,33,62,84
"LOTTO MAX EXTRA",504,"2019-05-14",5,22,73,88
"LOTTO MAX EXTRA",505,"2019-05-17",3,6,57,99
"LOTTO MAX EXTRA",506,"2019-05-21",15,23,46,92
"LOTTO MAX EXTRA",507,"2019-05-24",15,34,42,48
"LOTTO MAX EXTRA",508,"2019-05-28",16,29,56,78
"LOTTO MAX EXTRA",509,"2019-05-31",18,31,63,71
"LOTTO MAX EXTRA",510,"2019-06-04",12,48,50,61
"LOTTO MAX EXTRA",511,"2019-06-07",3,19,67,71
"LOTTO MAX EXTRA",512,"2019-06-11",31,44,77,91
"LOTTO MAX EXTRA",513,"2019-06-14",5,7,77,98
"LOTTO MAX EXTRA",514,"2019-06-18",18,19,51,75
"LOTTO MAX EXTRA",515,"2019-06-21",20,23,41,88
"LOTTO MAX EXTRA",516,"2019-06-25",15,26,39,69
"LOTTO MAX EXTRA",517,"2019-06-28",16,27,58,90
"LOTTO MAX EXTRA",518,"2019-07-02",13,35,36,92
"LOTTO MAX EXTRA",519,"2019-07-05",15,30,86,96
"LOTTO MAX EXTRA",520,"2019-07-09",14,21,27,52
"LOTTO MAX EXTRA",521,"2019-07-12",22,25,65,78
"LOTTO MAX EXTRA",522,"2019-07-16",28,35,70,72
"LOTTO MAX EXTRA",523,"2019-07-19",11,50,52,68
"LOTTO MAX EXTRA",524,"2019-07-23",37,43,66,83
"LOTTO MAX EXTRA",525,"2019-07-26",8,41,75,84
"LOTTO MAX EXTRA",526,"2019-07-30",12,51,87,92
"LOTTO MAX EXTRA",527,"2019-08-02",15,29,63,80
"LOTTO MAX EXTRA",528,"2019-08-06",6,39,81,91
"LOTTO MAX EXTRA",529,"2019-08-09",16,29,54,78
"LOTTO MAX EXTRA",530,"2019-08-13",1,28,77,95
"LOTTO MAX EXTRA",531,"2019-08-16",9,17,18,19
"LOTTO MAX EXTRA",532,"2019-08-20",36,46,77,87
"LOTTO MAX EXTRA",533,"2019-08-23",6,8,60,98
"LOTTO MAX EXTRA",534,"2019-08-27",5,42,78,96
"LOTTO MAX EXTRA",535,"2019-08-30",43,47,50,78
"LOTTO MAX EXTRA",536,"2019-09-03",15,37,90,99
"LOTTO MAX EXTRA",537,"2019-09-06",21,48,54,78
"LOTTO MAX EXTRA",538,"2019-09-10",28,49,76,89
"LOTTO MAX EXTRA",539,"2019-09-13",16,20,36,49
"LOTTO MAX EXTRA",540,"2019-09-17",10,32,33,39
"LOTTO MAX EXTRA",541,"2019-09-20",23,32,56,70
"LOTTO MAX EXTRA",542,"2019-09-24",4,31,81,87
"LOTTO MAX EXTRA",543,"2019-09-27",29,63,68,82
"LOTTO MAX EXTRA",544,"2019-10-01",10,27,50,69
"LOTTO MAX EXTRA",545,"2019-10-04",27,41,84,87
"LOTTO MAX EXTRA",546,"2019-10-08",31,54,62,95
"LOTTO MAX EXTRA",547,"2019-10-11",62,63,90,94
"LOTTO MAX EXTRA",548,"2019-10-15",38,47,53,62
"LOTTO MAX EXTRA",549,"2019-10-18",7,11,88,93
"LOTTO MAX EXTRA",550,"2019-10-22",42,70,81,99
"LOTTO MAX EXTRA",551,"2019-10-25",72,82,93,97
"LOTTO MAX EXTRA",552,"2019-10-29",69,78,82,98
"LOTTO MAX EXTRA",553,"2019-11-01",8,15,28,80
"LOTTO MAX EXTRA",554,"2019-11-05",51,52,58,76
"LOTTO MAX EXTRA",555,"2019-11-08",37,59,62,89
"LOTTO MAX EXTRA",556,"2019-11-12",12,24,63,70
"LOTTO MAX EXTRA",557,"2019-11-15",20,37,57,84
"LOTTO MAX EXTRA",558,"2019-11-19",25,51,85,98
"LOTTO MAX EXTRA",559,"2019-11-22",2,7,23,59
"LOTTO MAX EXTRA",560,"2019-11-26",1,52,79,87
"LOTTO MAX EXTRA",561,"2019-11-29",12,33,34,71
"LOTTO MAX EXTRA",562,"2019-12-03",12,34,42,66
"LOTTO MAX EXTRA",563,"2019-12-06",30,32,38,50
"LOTTO MAX EXTRA",564,"2019-12-10",4,34,36,97
"LOTTO MAX EXTRA",565,"2019-12-13",6,8,53,74
"LOTTO MAX EXTRA",566,"2019-12-17",27,90,94,97
"LOTTO MAX EXTRA",567,"2019-12-20",1,21,27,81
"LOTTO MAX EXTRA",568,"2019-12-24",9,32,60,63
"LOTTO MAX EXTRA",569,"2019-12-27",18,31,58,70
"LOTTO MAX EXTRA",570,"2019-12-31",6,43,44,93
"LOTTO MAX EXTRA",571,"2020-01-03",42,46,64,81
"LOTTO MAX EXTRA",572,"2020-01-07",52,70,73,95
"LOTTO MAX EXTRA",573,"2020-01-10",8,10,58,59
"LOTTO MAX EXTRA",574,"2020-01-14",20,39,57,68
"LOTTO MAX EXTRA",575,"2020-01-17",67,79,84,99
"LOTTO MAX EXTRA",576,"2020-01-21",27,33,44,66
"LOTTO MAX EXTRA",577,"2020-01-24",10,34,38,42
"LOTTO MAX EXTRA",578,"2020-01-28",15,24,40,88
"LOTTO MAX EXTRA",579,"2020-01-31",6,19,20,99
"LOTTO MAX EXTRA",580,"2020-02-04",17,35,66,78
"LOTTO MAX EXTRA",581,"2020-02-07",9,12,54,66
"LOTTO MAX EXTRA",582,"2020-02-11",19,24,40,58
"LOTTO MAX EXTRA",583,"2020-02-14",20,37,89,93
"LOTTO MAX EXTRA",584,"2020-02-18",7,33,62,80
"LOTTO MAX EXTRA",585,"2020-02-21",17,21,70,88
"LOTTO MAX EXTRA",586,"2020-02-25",16,53,67,69
"LOTTO MAX EXTRA",587,"2020-02-28",11,29,65,78
"LOTTO MAX EXTRA",588,"2020-03-03",20,49,70,77
"LOTTO MAX EXTRA",589,"2020-03-06",6,13,42,56
"LOTTO MAX EXTRA",590,"2020-03-10",3,50,83,99
"LOTTO MAX EXTRA",591,"2020-03-13",56,59,65,83
"LOTTO MAX EXTRA",592,"2020-03-17",31,50,60,66
"LOTTO MAX EXTRA",593,"2020-03-20",12,17,28,66
"LOTTO MAX EXTRA",594,"2020-03-24",31,33,68,83
"LOTTO MAX EXTRA",595,"2020-03-27",23,25,51,85
"LOTTO MAX EXTRA",596,"2020-03-31",5,51,65,94
"LOTTO MAX EXTRA",597,"2020-04-03",11,16,21,25
"LOTTO MAX EXTRA",598,"2020-04-07",29,81,84,88
"LOTTO MAX EXTRA",599,"2020-04-10",13,31,49,95
"LOTTO MAX EXTRA",600,"2020-04-14",5,17,31,91
"LOTTO MAX EXTRA",601,"2020-04-17",15,16,47,82
"LOTTO MAX EXTRA",602,"2020-04-21",19,29,52,81
"LOTTO MAX EXTRA",603,"2020-04-24",16,73,81,86
"LOTTO MAX EXTRA",604,"2020-04-28",14,60,76,97
"LOTTO MAX EXTRA",605,"2020-05-01",29,33,66,69
"LOTTO MAX EXTRA",606,"2020-05-05",10,41,44,81
"LOTTO MAX EXTRA",607,"2020-05-08",5,72,88,98
"LOTTO MAX EXTRA",608,"2020-05-12",20,22,51,63
"LOTTO MAX EXTRA",609,"2020-05-15",1,87,88,97
"LOTTO MAX EXTRA",610,"2020-05-19",17,23,54,87
"LOTTO MAX EXTRA",611,"2020-05-22",11,38,42,79
"LOTTO MAX EXTRA",612,"2020-05-26",48,73,78,91
"LOTTO MAX EXTRA",613,"2020-05-29",2,26,73,87
"LOTTO MAX EXTRA",614,"2020-06-02",38,46,48,56
"LOTTO MAX EXTRA",615,"2020-06-05",34,58,78,89
"LOTTO MAX EXTRA",616,"2020-06-09",2,57,80,98
"LOTTO MAX EXTRA",617,"2020-06-12",24,32,57,73
"LOTTO MAX EXTRA",618,"2020-06-16",1,6,55,66
"LOTTO MAX EXTRA",619,"2020-06-19",30,40,43,50
"LOTTO MAX EXTRA",620,"2020-06-23",27,29,40,53
"LOTTO MAX EXTRA",621,"2020-06-26",22,29,76,81
"LOTTO MAX EXTRA",622,"2020-06-30",36,43,56,91
"LOTTO MAX EXTRA",623,"2020-07-03",7,22,51,84
"LOTTO MAX EXTRA",624,"2020-07-07",5,24,61,68
"LOTTO MAX EXTRA",625,"2020-07-10",42,52,70,86
"LOTTO MAX EXTRA",626,"2020-07-14",51,71,78,88
"LOTTO MAX EXTRA",627,"2020-07-17",10,31,53,80
"LOTTO MAX EXTRA",628,"2020-07-21",11,43,46,61
"LOTTO MAX EXTRA",629,"2020-07-24",46,52,53,74
"LOTTO MAX EXTRA",630,"2020-07-28",17,31,78,93
"LOTTO MAX EXTRA",631,"2020-07-31",28,32,38,93
"LOTTO MAX EXTRA",632,"2020-08-04",10,67,68,97
"LOTTO MAX EXTRA",633,"2020-08-07",49,62,82,92
"LOTTO MAX EXTRA",634,"2020-08-11",39,40,50,64
"LOTTO MAX EXTRA",635,"2020-08-14",11,18,47,78
"LOTTO MAX EXTRA",636,"2020-08-18",7,10,45,49
"LOTTO MAX EXTRA",637,"2020-08-21",17,32,51,91
"LOTTO MAX EXTRA",638,"2020-08-25",17,28,60,89
"LOTTO MAX EXTRA",639,"2020-08-28",31,46,76,96
"LOTTO MAX EXTRA",640,"2020-09-01",19,25,80,91
"LOTTO MAX EXTRA",641,"2020-09-04",7,28,29,74
"LOTTO MAX EXTRA",642,"2020-09-08",11,31,90,95
"LOTTO MAX EXTRA",643,"2020-09-11",13,26,44,94
"LOTTO MAX EXTRA",644,"2020-09-15",14,23,32,50
"LOTTO MAX EXTRA",645,"2020-09-18",38,51,68,79
"LOTTO MAX EXTRA",646,"2020-09-22",38,73,78,92
"LOTTO MAX EXTRA",647,"2020-09-25",5,17,20,90
"LOTTO MAX EXTRA",648,"2020-09-29",24,40,50,88
"LOTTO MAX EXTRA",649,"2020-10-02",51,74,75,93
"LOTTO MAX EXTRA",650,"2020-10-06",30,31,77,78
"LOTTO MAX EXTRA",651,"2020-10-09",3,21,43,92
"LOTTO MAX EXTRA",652,"2020-10-13",16,40,56,82
"LOTTO MAX EXTRA",653,"2020-10-16",39,46,67,74
"LOTTO MAX EXTRA",654,"2020-10-20",24,25,37,82
"LOTTO MAX EXTRA",655,"2020-10-23",41,46,51,53
"LOTTO MAX EXTRA",656,"2020-10-27",1,29,41,97
"LOTTO MAX EXTRA",657,"2020-10-30",19,47,59,68
"LOTTO MAX EXTRA",658,"2020-11-03",2,65,66,93
"LOTTO MAX EXTRA",659,"2020-11-06",3,7,66,90
"LOTTO MAX EXTRA",660,"2020-11-10",1,33,72,99
"LOTTO MAX EXTRA",661,"2020-11-13",11,27,42,94
"LOTTO MAX EXTRA",662,"2020-11-17",12,75,88,95
"LOTTO MAX EXTRA",663,"2020-11-20",1,17,45,57
"LOTTO MAX EXTRA",664,"2020-11-24",28,56,77,96
"LOTTO MAX EXTRA",665,"2020-11-27",17,53,56,93
"LOTTO MAX EXTRA",666,"2020-12-01",3,35,84,85
"LOTTO MAX EXTRA",667,"2020-12-04",64,70,91,97
"LOTTO MAX EXTRA",668,"2020-12-08",47,64,84,86
"LOTTO MAX EXTRA",669,"2020-12-11",18,64,80,93
"LOTTO MAX EXTRA",670,"2020-12-15",7,8,48,57
"LOTTO MAX EXTRA",671,"2020-12-18",35,60,79,99
"LOTTO MAX EXTRA",672,"2020-12-22",13,49,51,94
"LOTTO MAX EXTRA",673,"2020-12-25",1,15,39,71
"LOTTO MAX EXTRA",674,"2020-12-29",21,22,23,87
"LOTTO MAX EXTRA",675,"2021-01-01",76,83,85,96
"LOTTO MAX EXTRA",676,"2021-01-05",46,76,83,96
"LOTTO MAX EXTRA",677,"2021-01-08",1,10,12,39
"LOTTO MAX EXTRA",678,"2021-01-12",5,14,37,75
"LOTTO MAX EXTRA",679,"2021-01-15",42,58,75,94
"LOTTO MAX EXTRA",680,"2021-01-19",43,55,82,88
"LOTTO MAX EXTRA",681,"2021-01-22",34,37,74,87
"LOTTO MAX EXTRA",682,"2021-01-26",11,14,23,73
"LOTTO MAX EXTRA",683,"2021-01-29",64,72,73,82
"LOTTO MAX EXTRA",684,"2021-02-02",17,21,76,79
"LOTTO MAX EXTRA",685,"2021-02-05",7,18,32,67
"LOTTO MAX EXTRA",686,"2021-02-09",12,15,26,42
"LOTTO MAX EXTRA",687,"2021-02-12",49,81,93,95
"LOTTO MAX EXTRA",688,"2021-02-16",46,51,56,58
"LOTTO MAX EXTRA",689,"2021-02-19",43,44,50,68
"LOTTO MAX EXTRA",690,"2021-02-23",14,16,62,87
"LOTTO MAX EXTRA",691,"2021-02-26",6,60,64,75
"LOTTO MAX EXTRA",692,"2021-03-02",18,50,80,84
"LOTTO MAX EXTRA",693,"2021-03-05",31,48,64,97
"LOTTO MAX EXTRA",694,"2021-03-09",32,61,74,89
"LOTTO MAX EXTRA",695,"2021-03-12",3,43,80,83
"LOTTO MAX EXTRA",696,"2021-03-16",9,11,36,65
"LOTTO MAX EXTRA",697,"2021-03-19",38,41,42,92
"LOTTO MAX EXTRA",698,"2021-03-23",25,33,34,43
"LOTTO MAX EXTRA",699,"2021-03-26",11,27,37,98
"LOTTO MAX EXTRA",700,"2021-03-30",10,18,44,91
"LOTTO MAX EXTRA",701,"2021-04-02",5,25,35,81
"LOTTO MAX EXTRA",702,"2021-04-06",16,49,81,87
"LOTTO MAX EXTRA",703,"2021-04-09",7,83,94,96
"LOTTO MAX EXTRA",704,"2021-04-13",9,30,61,86
"LOTTO MAX EXTRA",705,"2021-04-16",33,51,55,70
"LOTTO MAX EXTRA",706,"2021-04-20",7,43,47,61
"LOTTO MAX EXTRA",707,"2021-04-23",41,68,80,93
"LOTTO MAX EXTRA",708,"2021-04-27",27,33,35,74
"LOTTO MAX EXTRA",709,"2021-04-30",33,38,40,96
"LOTTO MAX EXTRA",710,"2021-05-04",10,20,49,64
"LOTTO MAX EXTRA",711,"2021-05-07",25,63,83,90
"LOTTO MAX EXTRA",712,"2021-05-11",20,32,52,66
"LOTTO MAX EXTRA",713,"2021-05-14",35,55,58,92
"LOTTO MAX EXTRA",714,"2021-05-18",51,56,85,94
"LOTTO MAX EXTRA",715,"2021-05-21",7,31,56,66
"LOTTO MAX EXTRA",716,"2021-05-25",5,37,89,95
"LOTTO MAX EXTRA",717,"2021-05-28",4,65,74,76
"LOTTO MAX EXTRA",718,"2021-06-01",1,5,70,74
"LOTTO MAX EXTRA",719,"2021-06-04",33,38,45,75
"LOTTO MAX EXTRA",720,"2021-06-08",7,15,25,63
"LOTTO MAX EXTRA",721,"2021-06-11",14,30,32,83
"LOTTO MAX EXTRA",722,"2021-06-15",1,27,41,74
"LOTTO MAX EXTRA",723,"2021-06-18",1,68,93,95
"LOTTO MAX EXTRA",724,"2021-06-22",1,7,23,41
"LOTTO MAX EXTRA",725,"2021-06-25",6,31,68,73
"LOTTO MAX EXTRA",726,"2021-06-29",11,43,49,51
"LOTTO MAX EXTRA",727,"2021-07-02",28,36,51,69
"LOTTO MAX EXTRA",728,"2021-07-06",17,48,73,80
"LOTTO MAX EXTRA",729,"2021-07-09",11,28,63,85
"LOTTO MAX EXTRA",730,"2021-07-13",18,50,72,86
"LOTTO MAX EXTRA",731,"2021-07-16",26,44,75,99
"LOTTO MAX EXTRA",732,"2021-07-20",27,30,39,91
"LOTTO MAX EXTRA",733,"2021-07-23",31,51,60,82
"LOTTO MAX EXTRA",734,"2021-07-27",9,20,37,89
"LOTTO MAX EXTRA",735,"2021-07-30",6,22,58,71
"LOTTO MAX EXTRA",736,"2021-08-03",2,68,75,81
"LOTTO MAX EXTRA",737,"2021-08-06",26,45,77,90
"LOTTO MAX EXTRA",738,"2021-08-10",22,38,41,53
"LOTTO MAX EXTRA",739,"2021-08-13",6,50,59,65
"LOTTO MAX EXTRA",740,"2021-08-17",50,51,69,89
"LOTTO MAX EXTRA",741,"2021-08-20",2,10,18,45
"LOTTO MAX EXTRA",742,"2021-08-24",13,34,51,63
"LOTTO MAX EXTRA",743,"2021-08-27",19,20,70,95
"LOTTO MAX EXTRA",744,"2021-08-31",10,21,58,69
"LOTTO MAX EXTRA",745,"2021-09-03",7,15,37,50
"LOTTO MAX EXTRA",746,"2021-09-07",16,51,90,96
"LOTTO MAX EXTRA",747,"2021-09-10",15,61,76,87
"LOTTO MAX EXTRA",748,"2021-09-14",27,76,83,93
"LOTTO MAX EXTRA",749,"2021-09-17",12,73,82,90
"LOTTO MAX EXTRA",750,"2021-09-21",33,46,64,73
"LOTTO MAX EXTRA",751,"2021-09-24",10,37,87,94
"LOTTO MAX EXTRA",752,"2021-09-28",39,55,62,84
"LOTTO MAX EXTRA",753,"2021-10-01",33,45,51,53
"LOTTO MAX EXTRA",754,"2021-10-05",6,47,68,97
"LOTTO MAX EXTRA",755,"2021-10-08",10,11,30,81
"LOTTO MAX EXTRA",756,"2021-10-12",17,36,52,76
"LOTTO MAX EXTRA",757,"2021-10-15",14,47,58,95
"LOTTO MAX EXTRA",758,"2021-10-19",12,63,76,81
"LOTTO MAX EXTRA",759,"2021-10-22",11,34,52,72
"LOTTO MAX EXTRA",760,"2021-10-26",53,55,87,97
"LOTTO MAX EXTRA",761,"2021-10-29",41,44,53,64
"LOTTO MAX EXTRA",762,"2021-11-02",3,8,46,61
"LOTTO MAX EXTRA",763,"2021-11-05",10,33,35,61
"LOTTO MAX EXTRA",764,"2021-11-09",3,14,30,33
"LOTTO MAX EXTRA",765,"2021-11-12",13,43,71,88
"LOTTO MAX EXTRA",766,"2021-11-16",26,38,43,85
"LOTTO MAX EXTRA",767,"2021-11-19",1,12,54,66
"LOTTO MAX EXTRA",768,"2021-11-23",6,49,73,75
"LOTTO MAX EXTRA",769,"2021-11-26",11,70,90,91
"LOTTO MAX EXTRA",770,"2021-11-30",2,59,65,69
"LOTTO MAX EXTRA",771,"2021-12-03",1,69,79,90
"LOTTO MAX EXTRA",772,"2021-12-07",20,86,88,99
"LOTTO MAX EXTRA",773,"2021-12-10",30,57,63,82
"LOTTO MAX EXTRA",774,"2021-12-14",10,54,66,95
"LOTTO MAX EXTRA",775,"2021-12-17",26,33,51,86
"LOTTO MAX EXTRA",776,"2021-12-21",46,85,86,99
"LOTTO MAX EXTRA",777,"2021-12-24",5,23,51,98
"LOTTO MAX EXTRA",778,"2021-12-28",3,22,58,77
"LOTTO MAX EXTRA",779,"2021-12-31",6,16,34,94
"LOTTO MAX EXTRA",780,"2022-01-04",2,14,70,87
"LOTTO MAX EXTRA",781,"2022-01-07",26,61,63,87
"LOTTO MAX EXTRA",782,"2022-01-11",16,46,71,90
"LOTTO MAX EXTRA",783,"2022-01-14",20,22,36,47
"LOTTO MAX EXTRA",784,"2022-01-18",39,40,68,78
"LOTTO MAX EXTRA",785,"2022-01-21",51,73,74,84
"LOTTO MAX EXTRA",786,"2022-01-25",22,68,79,98
"LOTTO MAX EXTRA",787,"2022-01-28",19,42,52,60
"LOTTO MAX EXTRA",788,"2022-02-01",39,52,92,94
"LOTTO MAX EXTRA",789,"2022-02-04",5,37,54,64
"LOTTO MAX EXTRA",790,"2022-02-08",30,37,79,81
"LOTTO MAX EXTRA",791,"2022-02-11",14,38,88,93
"LOTTO MAX EXTRA",792,"2022-02-15",22,68,69,94
"LOTTO MAX EXTRA",793,"2022-02-18",18,46,69,82
"LOTTO MAX EXTRA",794,"2022-02-22",3,21,24,40
"LOTTO MAX EXTRA",795,"2022-02-25",19,24,30,99
"LOTTO MAX EXTRA",796,"2022-03-01",2,3,81,89
"LOTTO MAX EXTRA",797,"2022-03-04",24,52,77,93
"LOTTO MAX EXTRA",798,"2022-03-08",12,24,43,92
"LOTTO MAX EXTRA",799,"2022-03-11",13,47,58,77
"LOTTO MAX EXTRA",800,"2022-03-15",20,37,61,79
"LOTTO MAX EXTRA",801,"2022-03-18",43,45,92,98
"LOTTO MAX EXTRA",802,"2022-03-22",5,26,44,58
"LOTTO MAX EXTRA",803,"2022-03-25",55,56,57,71
"LOTTO MAX EXTRA",804,"2022-03-29",15,19,33,62
"LOTTO MAX EXTRA",805,"2022-04-01",22,27,71,78
"LOTTO MAX EXTRA",806,"2022-04-05",19,36,87,94
"LOTTO MAX EXTRA",807,"2022-04-08",15,34,53,81
"LOTTO MAX EXTRA",808,"2022-04-12",17,27,60,94
"LOTTO MAX EXTRA",809,"2022-04-15",7,41,83,91
"LOTTO MAX EXTRA",810,"2022-04-19",15,57,61,95
"LOTTO MAX EXTRA",811,"2022-04-22",18,29,31,53
"LOTTO MAX EXTRA",812,"2022-04-26",41,47,76,88
"LOTTO MAX EXTRA",813,"2022-04-29",47,49,57,60
"LOTTO MAX EXTRA",814,"2022-05-03",37,47,83,95
"LOTTO MAX EXTRA",815,"2022-05-06",11,27,46,95
"LOTTO MAX EXTRA",816,"2022-05-10",49,54,67,80
"LOTTO MAX EXTRA",817,"2022-05-13",16,25,84,87
"LOTTO MAX EXTRA",818,"2022-05-17",3,7,48,84
"LOTTO MAX EXTRA",819,"2022-05-20",2,86,89,90
"LOTTO MAX EXTRA",820,"2022-05-24",4,24,48,51
"LOTTO MAX EXTRA",821,"2022-05-27",15,63,81,97
"LOTTO MAX EXTRA",822,"2022-05-31",5,22,31,52
"LOTTO MAX EXTRA",823,"2022-06-03",8,34,38,59
"LOTTO MAX EXTRA",824,"2022-06-07",1,42,66,81
"LOTTO MAX EXTRA",825,"2022-06-10",30,46,55,92
"LOTTO MAX EXTRA",826,"2022-06-14",11,65,79,99
"LOTTO MAX EXTRA",827,"2022-06-17",17,43,61,86
"LOTTO MAX EXTRA",828,"2022-06-21",20,34,50,99
"LOTTO MAX EXTRA",829,"2022-06-24",46,55,68,96
"LOTTO MAX EXTRA",830,"2022-06-28",16,30,67,83
"LOTTO MAX EXTRA",831,"2022-07-01",1,40,62,68
"LOTTO MAX EXTRA",832,"2022-07-05",17,25,76,83
"LOTTO MAX EXTRA",833,"2022-07-08",7,39,51,92
"LOTTO MAX EXTRA",834,"2022-07-12",3,17,40,83
"LOTTO MAX EXTRA",835,"2022-07-15",5,29,66,91
"LOTTO MAX EXTRA",836,"2022-07-19",13,30,50,57
"LOTTO MAX EXTRA",837,"2022-07-22",12,65,85,91
"LOTTO MAX EXTRA",838,"2022-07-26",9,32,42,94
"LOTTO MAX EXTRA",839,"2022-07-29",8,13,20,82
"LOTTO MAX EXTRA",840,"2022-08-02",11,30,37,84
"LOTTO MAX EXTRA",841,"2022-08-05",5,24,28,86
"LOTTO MAX EXTRA",842,"2022-08-09",17,41,79,93
"LOTTO MAX EXTRA",843,"2022-08-12",1,21,22,68
"LOTTO MAX EXTRA",844,"2022-08-16",42,76,92,96
"LOTTO MAX EXTRA",845,"2022-08-19",1,10,53,55
"LOTTO MAX EXTRA",846,"2022-08-23",10,11,52,91
"LOTTO MAX EXTRA",847,"2022-08-26",13,27,42,49
"LOTTO MAX EXTRA",848,"2022-08-30",1,18,62,90
"LOTTO MAX EXTRA",849,"2022-09-02",32,36,37,72
"LOTTO MAX EXTRA",850,"2022-09-06",32,59,82,97
"LOTTO MAX EXTRA",851,"2022-09-09",3,18,61,90
"LOTTO MAX EXTRA",852,"2022-09-13",9,36,44,54
"LOTTO MAX EXTRA",853,"2022-09-16",48,55,76,96
"LOTTO MAX EXTRA",854,"2022-09-20",27,40,72,99
"LOTTO MAX EXTRA",855,"2022-09-23",9,13,39,86
"LOTTO MAX EXTRA",856,"2022-09-27",36,53,65,90
"LOTTO MAX EXTRA",857,"2022-09-30",42,74,92,99
"LOTTO MAX EXTRA",858,"2022-10-04",21,35,42,64
"LOTTO MAX EXTRA",859,"2022-10-07",10,49,51,57
"LOTTO MAX EXTRA",860,"2022-10-11",50,67,74,91
"LOTTO MAX EXTRA",861,"2022-10-14",27,34,51,87
"LOTTO MAX EXTRA",862,"2022-10-18",6,28,75,92
"LOTTO MAX EXTRA",863,"2022-10-21",38,74,81,83
"LOTTO MAX EXTRA",864,"2022-10-25",37,38,70,88
"LOTTO MAX EXTRA",865,"2022-10-28",3,24,32,33
"LOTTO MAX EXTRA",866,"2022-11-01",33,46,52,75
"LOTTO MAX EXTRA",867,"2022-11-04",9,22,68,84
"LOTTO MAX EXTRA",868,"2022-11-08",20,32,38,88
"LOTTO MAX EXTRA",869,"2022-11-11",23,67,73,89
"LOTTO MAX EXTRA",870,"2022-11-15",19,32,58,83
"LOTTO MAX EXTRA",871,"2022-11-18",25,70,74,96
"LOTTO MAX EXTRA",872,"2022-11-22",14,44,49,51
"LOTTO MAX EXTRA",873,"2022-11-25",8,10,26,62
"LOTTO MAX EXTRA",874,"2022-11-29",13,23,41,78
"LOTTO MAX EXTRA",875,"2022-12-02",36,49,62,89
"LOTTO MAX EXTRA",876,"2022-12-06",2,6,19,48
"LOTTO MAX EXTRA",877,"2022-12-09",4,55,72,88
"LOTTO MAX EXTRA",878,"2022-12-13",13,50,59,76
"LOTTO MAX EXTRA",879,"2022-12-16",55,72,92,94
"LOTTO MAX EXTRA",880,"2022-12-20",3,14,85,91
"LOTTO MAX EXTRA",881,"2022-12-23",7,20,45,64
"LOTTO MAX EXTRA",882,"2022-12-27",8,27,57,93
"LOTTO MAX EXTRA",883,"2022-12-30",47,58,60,62
"LOTTO MAX EXTRA",884,"2023-01-03",21,24,25,43
"LOTTO MAX EXTRA",885,"2023-01-06",18,32,72,82
"LOTTO MAX EXTRA",886,"2023-01-10",18,34,69,93
"LOTTO MAX EXTRA",887,"2023-01-13",13,26,48,82
"LOTTO MAX EXTRA",888,"2023-01-17",16,25,35,78
"LOTTO MAX EXTRA",889,"2023-01-20",1,8,19,49
"LOTTO MAX EXTRA",890,"2023-01-24",29,56,62,76
"LOTTO MAX EXTRA",891,"2023-01-27",37,39,48,53
"LOTTO MAX EXTRA",892,"2023-01-31",37,78,92,99
"LOTTO MAX EXTRA",893,"2023-02-03",2,33,83,99
"LOTTO MAX EXTRA",894,"2023-02-07",11,30,85,91
"LOTTO MAX EXTRA",895,"2023-02-10",18,20,55,66
"LOTTO MAX EXTRA",896,"2023-02-14",19,47,64,77
"LOTTO MAX EXTRA",897,"2023-02-17",52,72,74,95
"LOTTO MAX EXTRA",898,"2023-02-21",13,62,63,89
"LOTTO MAX EXTRA",899,"2023-02-24",60,63,67,95
"LOTTO MAX EXTRA",900,"2023-02-28",18,75,90,94
"LOTTO MAX EXTRA",901,"2023-03-03",52,65,70,88
"LOTTO MAX EXTRA",902,"2023-03-07",6,22,73,88
"LOTTO MAX EXTRA",903,"2023-03-10",28,31,65,69
"LOTTO MAX EXTRA",904,"2023-03-14",21,39,77,94
"LOTTO MAX EXTRA",905,"2023-03-17",69,79,93,95
"LOTTO MAX EXTRA",906,"2023-03-21",61,81,95,96
"LOTTO MAX EXTRA",907,"2023-03-24",23,29,31,96
"LOTTO MAX EXTRA",908,"2023-03-28",27,36,80,96
"LOTTO MAX EXTRA",909,"2023-03-31",9,22,36,94
"LOTTO MAX EXTRA",910,"2023-04-04",43,61,86,99
"LOTTO MAX EXTRA",911,"2023-04-07",5,30,50,53
"LOTTO MAX EXTRA",912,"2023-04-11",26,40,71,74
"LOTTO MAX EXTRA",913,"2023-04-14",1,58,60,98
"LOTTO MAX EXTRA",914,"2023-04-18",13,64,73,74
"LOTTO MAX EXTRA",915,"2023-04-21",45,65,83,93
"LOTTO MAX EXTRA",916,"2023-04-25",9,24,53,59
"LOTTO MAX EXTRA",917,"2023-04-28",1,15,25,58
"LOTTO MAX EXTRA",918,"2023-05-02",12,42,57,96
"LOTTO MAX EXTRA",919,"2023-05-05",37,56,63,88
"LOTTO MAX EXTRA",920,"2023-05-09",6,19,38,74
"LOTTO MAX EXTRA",921,"2023-05-12",13,54,77,87
"LOTTO MAX EXTRA",922,"2023-05-16",17,21,53,72
"LOTTO MAX EXTRA",923,"2023-05-19",3,42,48,77
"LOTTO MAX EXTRA",924,"2023-05-23",1,16,47,97
"LOTTO MAX EXTRA",925,"2023-05-26",3,13,53,69
"LOTTO MAX EXTRA",926,"2023-05-30",53,55,80,98
"LOTTO MAX EXTRA",927,"2023-06-02",23,63,68,93
"LOTTO MAX EXTRA",928,"2023-06-06",28,55,67,74
"LOTTO MAX EXTRA",929,"2023-06-09",18,55,66,67
"LOTTO MAX EXTRA",930,"2023-06-13",16,20,65,74
"LOTTO MAX EXTRA",931,"2023-06-16",28,58,60,75
"LOTTO MAX EXTRA",932,"2023-06-20",6,35,44,76
"LOTTO MAX EXTRA",933,"2023-06-23",20,22,27,85
"LOTTO MAX EXTRA",934,"2023-06-27",3,26,60,82
"LOTTO MAX EXTRA",935,"2023-06-30",13,14,64,99
"LOTTO MAX EXTRA",936,"2023-07-04",36,71,76,82
"LOTTO MAX EXTRA",937,"2023-07-07",36,51,88,97
"LOTTO MAX EXTRA",938,"2023-07-11",12,42,54,79
"LOTTO MAX EXTRA",939,"2023-07-14",15,60,72,83
"LOTTO MAX EXTRA",940,"2023-07-18",40,67,77,99
"LOTTO MAX EXTRA",941,"2023-07-21",4,16,38,63
"LOTTO MAX EXTRA",942,"2023-07-25",34,40,74,90
"LOTTO MAX EXTRA",943,"2023-07-28",25,51,61,68
"LOTTO MAX EXTRA",944,"2023-08-01",11,70,79,82
"LOTTO MAX EXTRA",945,"2023-08-04",10,14,27,86
"LOTTO MAX EXTRA",946,"2023-08-08",36,52,79,89
"LOTTO MAX EXTRA",947,"2023-08-11",30,32,39,41
"LOTTO MAX EXTRA",948,"2023-08-15",12,21,87,91
"LOTTO MAX EXTRA",949,"2023-08-18",5,6,18,92
"LOTTO MAX EXTRA",950,"2023-08-22",15,43,55,92
"LOTTO MAX EXTRA",951,"2023-08-25",56,65,71,73
"LOTTO MAX EXTRA",952,"2023-08-29",31,69,93,98
"LOTTO MAX EXTRA",953,"2023-09-01",31,43,64,96
"LOTTO MAX EXTRA",954,"2023-09-05",76,78,88,90
"LOTTO MAX EXTRA",955,"2023-09-08",13,14,55,99
"LOTTO MAX EXTRA",956,"2023-09-12",63,88,90,99
"LOTTO MAX EXTRA",957,"2023-09-15",22,39,50,92
"LOTTO MAX EXTRA",958,"2023-09-19",27,79,86,88
"LOTTO MAX EXTRA",959,"2023-09-22",10,30,52,95
"LOTTO MAX EXTRA",960,"2023-09-26",8,17,24,28
"LOTTO MAX EXTRA",961,"2023-09-29",51,58,85,94
"LOTTO MAX EXTRA",962,"2023-10-03",21,54,72,89
"LOTTO MAX EXTRA",963,"2023-10-06",1,2,7,79
"LOTTO MAX EXTRA",964,"2023-10-10",20,55,74,76
"LOTTO MAX EXTRA",965,"2023-10-13",29,62,78,96
"LOTTO MAX EXTRA",966,"2023-10-17",27,53,56,79
"LOTTO MAX EXTRA",967,"2023-10-20",15,25,26,30
"LOTTO MAX EXTRA",968,"2023-10-24",7,19,56,96
"LOTTO MAX EXTRA",969,"2023-10-27",3,43,76,84
"LOTTO MAX EXTRA",970,"2023-10-31",3,6,13,16
"LOTTO MAX EXTRA",971,"2023-11-03",20,22,35,70
"LOTTO MAX EXTRA",972,"2023-11-07",41,51,57,83
"LOTTO MAX EXTRA",973,"2023-11-10",9,29,60,77
"LOTTO MAX EXTRA",974,"2023-11-14",6,24,53,81
"LOTTO MAX EXTRA",975,"2023-11-17",6,57,58,76
"LOTTO MAX EXTRA",976,"2023-11-21",22,46,47,56
"LOTTO MAX EXTRA",977,"2023-11-24",62,70,80,85
"LOTTO MAX EXTRA",978,"2023-11-28",12,36,68,82
"LOTTO MAX EXTRA",979,"2023-12-01",30,71,73,84
"LOTTO MAX EXTRA",980,"2023-12-05",8,25,55,64
"LOTTO MAX EXTRA",981,"2023-12-08",7,25,84,86
"LOTTO MAX EXTRA",982,"2023-12-12",3,21,29,56
"LOTTO MAX EXTRA",983,"2023-12-15",57,58,83,97
"LOTTO MAX EXTRA",984,"2023-12-19",7,23,27,88
"LOTTO MAX EXTRA",985,"2023-12-22",20,40,47,58
"LOTTO MAX EXTRA",986,"2023-12-26",32,38,76,88
"LOTTO MAX EXTRA",987,"2023-12-29",26,39,42,53
"LOTTO MAX EXTRA",988,"2024-01-02",10,13,85,87
"LOTTO MAX EXTRA",989,"2024-01-05",3,23,42,45
"LOTTO MAX EXTRA",990,"2024-01-09",13,44,64,84
"LOTTO MAX EXTRA",991,"2024-01-12",3,65,68,96
"LOTTO MAX EXTRA",992,"2024-01-16",17,39,57,96
"LOTTO MAX EXTRA",993,"2024-01-19",10,12,33,58
"LOTTO MAX EXTRA",994,"2024-01-23",20,37,59,70
"LOTTO MAX EXTRA",995,"2024-01-26",5,11,24,29
"LOTTO MAX EXTRA",996,"2024-01-30",34,36,85,96
"LOTTO MAX EXTRA",997,"2024-02-02",15,37,39,80
"LOTTO MAX EXTRA",998,"2024-02-06",3,12,66,93
"LOTTO MAX EXTRA",999,"2024-02-09",10,41,68,86
"LOTTO MAX EXTRA",1000,"2024-02-13",1,30,56,76
"LOTTO MAX EXTRA",1001,"2024-02-16",7,12,79,86
"LOTTO MAX EXTRA",1002,"2024-02-20",64,76,82,83
"LOTTO MAX EXTRA",1003,"2024-02-23",8,15,20,91
"LOTTO MAX EXTRA",1004,"2024-02-27",12,36,60,88
"LOTTO MAX EXTRA",1005,"2024-03-01",23,47,67,91
"LOTTO MAX EXTRA",1006,"2024-03-05",31,54,64,69
"LOTTO MAX EXTRA",1007,"2024-03-08",58,66,69,79
"LOTTO MAX EXTRA",1008,"2024-03-12",38,52,61,69
"LOTTO MAX EXTRA",1009,"2024-03-15",30,65,70,84
"LOTTO MAX EXTRA",1010,"2024-03-19",59,65,68,78
"LOTTO MAX EXTRA",1011,"2024-03-22",16,17,36,63
"LOTTO MAX EXTRA",1012,"2024-03-26",14,38,45,85
"LOTTO MAX EXTRA",1013,"2024-03-29",5,29,59,82
"LOTTO MAX EXTRA",1014,"2024-04-02",6,25,60,96
"LOTTO MAX EXTRA",1015,"2024-04-05",6,12,24,77
"LOTTO MAX EXTRA",1016,"2024-04-09",15,23,89,90
"LOTTO MAX EXTRA",1017,"2024-04-12",22,32,66,93
"LOTTO MAX EXTRA",1018,"2024-04-16",54,68,79,82
"LOTTO MAX EXTRA",1019,"2024-04-19",6,26,32,45
"LOTTO MAX EXTRA",1020,"2024-04-23",3,31,32,89
"LOTTO MAX EXTRA",1021,"2024-04-26",23,25,46,84
"LOTTO MAX EXTRA",1022,"2024-04-30",13,55,60,62
"LOTTO MAX EXTRA",1023,"2024-05-03",5,20,64,90
"LOTTO MAX EXTRA",1024,"2024-05-07",20,60,68,71
"LOTTO MAX EXTRA",1025,"2024-05-10",2,49,53,58
"LOTTO MAX EXTRA",1026,"2024-05-14",42,50,58,95
"LOTTO MAX EXTRA",1027,"2024-05-17",19,34,85,99
"LOTTO MAX EXTRA",1028,"2024-05-21",5,18,39,90
"LOTTO MAX EXTRA",1029,"2024-05-24",14,15,19,89
"LOTTO MAX EXTRA",1030,"2024-05-28",39,49,67,68
"LOTTO MAX EXTRA",1031,"2024-05-31",21,26,35,93
"LOTTO MAX EXTRA",1032,"2024-06-04",45,52,61,73
"LOTTO MAX EXTRA",1033,"2024-06-07",44,78,85,87
"LOTTO MAX EXTRA",1034,"2024-06-11",1,6,25,73
"LOTTO MAX EXTRA",1035,"2024-06-14",13,31,65,92
"LOTTO MAX EXTRA",1036,"2024-06-18",3,20,43,78
"LOTTO MAX EXTRA",1037,"2024-06-21",15,28,29,81
"LOTTO MAX EXTRA",1038,"2024-06-25",21,34,69,95
"LOTTO MAX EXTRA",1039,"2024-06-28",20,45,54,96
"LOTTO MAX EXTRA",1040,"2024-07-02",25,91,92,96
"LOTTO MAX EXTRA",1041,"2024-07-05",13,18,60,92
"LOTTO MAX EXTRA",1042,"2024-07-09",44,60,63,65
"LOTTO MAX EXTRA",1043,"2024-07-12",1,37,45,71
"LOTTO MAX EXTRA",1044,"2024-07-16",6,11,50,95
"LOTTO MAX EXTRA",1045,"2024-07-19",11,26,29,70
"LOTTO MAX EXTRA",1046,"2024-07-23",1,7,22,29
"LOTTO MAX EXTRA",1047,"2024-07-26",28,59,85,98
"LOTTO MAX EXTRA",1048,"2024-07-30",7,37,44,69
"LOTTO MAX EXTRA",1049,"2024-08-02",27,69,79,84
"LOTTO MAX EXTRA",1050,"2024-08-06",4,28,66,74
"LOTTO MAX EXTRA",1051,"2024-08-09",23,35,81,87
"LOTTO MAX EXTRA",1052,"2024-08-13",22,60,85,90
"LOTTO MAX EXTRA",1053,"2024-08-16",8,36,46,69
"LOTTO MAX EXTRA",1054,"2024-08-20",34,68,75,79
"LOTTO MAX EXTRA",1055,"2024-08-23",6,27,49,99
"LOTTO MAX EXTRA",1056,"2024-08-27",15,17,69,89
"LOTTO MAX EXTRA",1057,"2024-08-30",33,35,46,52
"LOTTO MAX EXTRA",1058,"2024-09-03",24,28,65,93
"LOTTO MAX EXTRA",1059,"2024-09-06",45,57,80,96
"LOTTO MAX EXTRA",1060,"2024-09-10",18,19,56,84
"LOTTO MAX EXTRA",1061,"2024-09-13",2,52,76,97
"LOTTO MAX EXTRA",1062,"2024-09-17",3,67,94,99
"LOTTO MAX EXTRA",1063,"2024-09-20",5,6,25,30
"LOTTO MAX EXTRA",1064,"2024-09-24",3,43,69,77
"LOTTO MAX EXTRA",1065,"2024-09-27",18,19,27,45
"LOTTO MAX EXTRA",1066,"2024-10-01",13,16,18,75
"LOTTO MAX EXTRA",1067,"2024-10-04",30,73,75,85
"LOTTO MAX EXTRA",1068,"2024-10-08",50,56,70,76
"LOTTO MAX EXTRA",1069,"2024-10-11",48,68,76,84
"LOTTO MAX EXTRA",1070,"2024-10-15",40,46,53,82
"LOTTO MAX EXTRA",1071,"2024-10-18",27,35,49,71
"LOTTO MAX EXTRA",1072,"2024-10-22",61,76,90,91
"LOTTO MAX EXTRA",1073,"2024-10-25",32,39,51,98
"LOTTO MAX EXTRA",1074,"2024-10-29",21,48,50,98
"LOTTO MAX EXTRA",1075,"2024-11-01",24,28,31,44
"LOTTO MAX EXTRA",1076,"2024-11-05",5,50,64,90
"LOTTO MAX EXTRA",1077,"2024-11-08",7,13,18,72
"LOTTO MAX EXTRA",1078,"2024-11-12",18,29,36,55
"LOTTO MAX EXTRA",1079,"2024-11-15",19,46,53,76
"LOTTO MAX EXTRA",1080,"2024-11-19",37,48,74,85
"LOTTO MAX EXTRA",1081,"2024-11-22",11,12,23,55
"LOTTO MAX EXTRA",1082,"2024-11-26",13,29,59,70
"LOTTO MAX EXTRA",1083,"2024-11-29",25,44,74,89
"LOTTO MAX EXTRA",1084,"2024-12-03",30,45,70,84
"LOTTO MAX EXTRA",1085,"2024-12-06",24,70,72,99
"LOTTO MAX EXTRA",1086,"2024-12-10",15,59,70,77
"LOTTO MAX EXTRA",1087,"2024-12-13",15,16,44,90
"LOTTO MAX EXTRA",1088,"2024-12-17",24,63,66,99
"LOTTO MAX EXTRA",1089,"2024-12-20",1,14,16,22
"LOTTO MAX EXTRA",1090,"2024-12-24",5,14,52,68
"LOTTO MAX EXTRA",1091,"2024-12-27",54,62,81,82
"LOTTO MAX EXTRA",1092,"2024-12-31",18,24,31,46
"LOTTO MAX EXTRA",1093,"2025-01-03",32,36,69,85
"LOTTO MAX EXTRA",1094,"2025-01-07",6,33,87,93
"LOTTO MAX EXTRA",1095,"2025-01-10",8,27,40,66
"LOTTO MAX EXTRA",1096,"2025-01-14",3,8,40,85
"LOTTO MAX EXTRA",1097,"2025-01-17",26,36,47,82
"LOTTO MAX EXTRA",1098,"2025-01-21",12,68,75,80
"LOTTO MAX EXTRA",1099,"2025-01-24",11,20,23,86
"LOTTO MAX EXTRA",1100,"2025-01-28",23,31,68,88
"LOTTO MAX EXTRA",1101,"2025-01-31",14,67,71,89
"LOTTO MAX EXTRA",1102,"2025-02-04",18,79,83,89
"LOTTO MAX EXTRA",1103,"2025-02-07",51,68,80,91
"LOTTO MAX EXTRA",1104,"2025-02-11",3,8,42,57
"LOTTO MAX EXTRA",1105,"2025-02-14",15,22,71,78
"LOTTO MAX EXTRA",1106,"2025-02-18",13,59,70,97
"LOTTO MAX EXTRA",1107,"2025-02-21",13,28,57,96
"LOTTO MAX EXTRA",1108,"2025-02-25",29,44,81,95
"LOTTO MAX EXTRA",1109,"2025-02-28",4,22,67,82
"LOTTO MAX EXTRA",1110,"2025-03-04",52,56,65,92
"LOTTO MAX EXTRA",1111,"2025-03-07",6,36,43,89
"LOTTO MAX EXTRA",1112,"2025-03-11",5,7,72,84
"LOTTO MAX EXTRA",1113,"2025-03-14",36,46,56,77
"LOTTO MAX EXTRA",1114,"2025-03-18",70,74,92,98
"LOTTO MAX EXTRA",1115,"2025-03-21",16,20,49,86
"LOTTO MAX EXTRA",1116,"2025-03-25",14,15,24,38
"LOTTO MAX EXTRA",1117,"2025-03-28",24,62,66,91
"LOTTO MAX EXTRA",1118,"2025-04-01",19,27,47,65
"LOTTO MAX EXTRA",1119,"2025-04-04",56,71,78,80
"LOTTO MAX EXTRA",1120,"2025-04-08",60,63,69,73
"LOTTO MAX EXTRA",1121,"2025-04-11",3,19,21,64
"LOTTO MAX EXTRA",1122,"2025-04-15",3,22,28,32
"LOTTO MAX EXTRA",1123,"2025-04-18",33,58,63,73
"LOTTO MAX EXTRA",1124,"2025-04-22",16,83,97,98
"LOTTO MAX EXTRA",1125,"2025-04-25",23,64,66,77
"LOTTO MAX EXTRA",1126,"2025-04-29",4,23,55,79
"LOTTO MAX EXTRA",1127,"2025-05-02",32,39,75,88
"LOTTO MAX EXTRA",1128,"2025-05-06",3,4,30,91
"LOTTO MAX EXTRA",1129,"2025-05-09",11,57,68,96
"LOTTO MAX EXTRA",1130,"2025-05-13",16,18,33,66
"LOTTO MAX EXTRA",1131,"2025-05-16",2,24,67,86
"LOTTO MAX EXTRA",1132,"2025-05-20",7,17,51,52
"LOTTO MAX EXTRA",1133,"2025-05-23",4,11,54,89
"LOTTO MAX EXTRA",1134,"2025-05-27",8,38,81,82
"LOTTO MAX EXTRA",1135,"2025-05-30",32,49,70,82
"LOTTO MAX EXTRA",1136,"2025-06-03",57,61,84,99
"LOTTO MAX EXTRA",1137,"2025-06-06",26,31,35,53
"LOTTO MAX EXTRA",1138,"2025-06-10",8,33,48,95
"LOTTO MAX EXTRA",1139,"2025-06-13",36,38,79,89
"LOTTO MAX EXTRA",1140,"2025-06-17",50,66,88,98
"LOTTO MAX EXTRA",1141,"2025-06-20",29,57,58,88
"LOTTO MAX EXTRA",1142,"2025-06-24",12,34,60,94
"LOTTO MAX EXTRA",1143,"2025-06-27",9,11,13,70
"LOTTO MAX EXTRA",1144,"2025-07-01",31,47,66,74
"LOTTO MAX EXTRA",1145,"2025-07-04",13,14,75,91
"LOTTO MAX EXTRA",1146,"2025-07-08",1,42,69,75
"LOTTO MAX EXTRA",1147,"2025-07-11",39,47,51,69
"LOTTO MAX EXTRA",1148,"2025-07-15",3,17,54,66
"LOTTO MAX EXTRA",1149,"2025-07-18",12,45,88,95
"LOTTO MAX EXTRA",1150,"2025-07-22",35,46,73,84
"LOTTO MAX EXTRA",1151,"2025-07-25",20,33,36,93
"LOTTO MAX EXTRA",1152,"2025-07-29",6,51,72,91
"LOTTO MAX EXTRA",1153,"2025-08-01",29,46,51,63
"LOTTO MAX EXTRA",1154,"2025-08-05",41,42,45,98
"LOTTO MAX EXTRA",1155,"2025-08-08",17,64,82,94
"LOTTO MAX EXTRA",1156,"2025-08-12",5,55,64,90
"LOTTO MAX EXTRA",1157,"2025-08-15",23,25,50,93
"LOTTO MAX EXTRA",1158,"2025-08-19",16,25,69,80
"LOTTO MAX EXTRA",1159,"2025-08-22",10,20,37,75
"LOTTO MAX EXTRA",1160,"2025-08-26",45,56,70,72
"LOTTO MAX EXTRA",1161,"2025-08-29",5,18,30,31
"LOTTO MAX EXTRA",1162,"2025-09-02",28,55,72,83
"LOTTO MAX EXTRA",1163,"2025-09-05",25,41,52,53
"LOTTO MAX EXTRA",1164,"2025-09-09",18,38,76,86
"LOTTO MAX EXTRA",1165,"2025-09-12",23,49,70,71
"LOTTO MAX EXTRA",1166,"2025-09-16",3,16,26,40
"LOTTO MAX EXTRA",1167,"2025-09-19",46,64,74,76
"LOTTO MAX EXTRA",1168,"2025-09-23",14,24,30,52
"LOTTO MAX EXTRA",1169,"2025-09-26",20,33,43,77
"LOTTO MAX EXTRA",1170,"2025-09-30",36,56,66,67
"LOTTO MAX EXTRA",1171,"2025-10-03",11,16,77,78
"LOTTO MAX EXTRA",1172,"2025-10-07",1,34,43,51
"LOTTO MAX EXTRA",1173,"2025-10-10",63,69,83,96
"LOTTO MAX EXTRA",1174,"2025-10-14",39,63,70,92
"LOTTO MAX EXTRA",1175,"2025-10-17",17,25,34,49
"LOTTO MAX EXTRA",1176,"2025-10-21",1,2,52,80
"LOTTO MAX EXTRA",1177,"2025-10-24",12,30,77,80
"LOTTO MAX EXTRA",1178,"2025-10-28",40,45,50,85
"LOTTO MAX EXTRA",1179,"2025-10-31",13,42,67,68
"LOTTO MAX EXTRA",1180,"2025-11-04",2,23,26,40
"LOTTO MAX EXTRA",1181,"2025-11-07",1,19,54,69
"LOTTO MAX EXTRA",1182,"2025-11-11",43,62,76,84
"LOTTO MAX EXTRA",1183,"2025-11-14",29,31,40,60
"LOTTO MAX EXTRA",1184,"2025-11-18",10,58,89,95
"LOTTO MAX EXTRA",1185,"2025-11-21",37,53,68,87
"LOTTO MAX EXTRA",1186,"2025-11-25",1,24,69,86
"LOTTO MAX EXTRA",1187,"2025-11-28",12,23,43,44
"LOTTO MAX EXTRA",1188,"2025-12-02",15,57,63,94
"LOTTO MAX EXTRA",1189,"2025-12-05",12,26,33,55
"LOTTO MAX EXTRA",1190,"2025-12-09",45,49,54,68
"LOTTO MAX EXTRA",1191,"2025-12-12",2,20,28,71
"LOTTO MAX EXTRA",1192,"2025-12-16",32,61,89,99
"LOTTO MAX EXTRA",1193,"2025-12-19",65,68,79,94
"LOTTO MAX EXTRA",1194,"2025-12-23",37,50,59,73
"LOTTO MAX EXTRA",1195,"2025-12-26",42,62,66,95
"LOTTO MAX EXTRA",1196,"2025-12-30",20,34,38,84
"LOTTO MAX EXTRA",1197,"2026-01-02",13,60,66,82
"LOTTO MAX EXTRA",1198,"2026-01-06",3,35,55,93
"LOTTO MAX EXTRA",1199,"2026-01-09",2,4,40,75
"LOTTO MAX EXTRA",1200,"2026-01-13",22,60,79,88
"LOTTO MAX EXTRA",1201,"2026-01-16",27,52,56,90
"LOTTO MAX EXTRA",1202,"2026-01-20",4,17,19,86
"LOTTO MAX EXTRA",1203,"2026-01-23",6,19,37,72
"LOTTO MAX EXTRA",1204,"2026-01-27",43,44,49,91
"LOTTO MAX EXTRA",1205,"2026-01-30",30,33,57,94
"LOTTO MAX EXTRA",1206,"2026-02-03",3,6,81,96
"LOTTO MAX EXTRA",1207,"2026-02-06",36,68,69,93
"LOTTO MAX EXTRA",1208,"2026-02-10",22,28,72,82
"LOTTO MAX EXTRA",1209,"2026-02-13",55,56,70,87
"LOTTO MAX EXTRA",1210,"2026-02-17",3,50,80,91
"LOTTO MAX EXTRA",1211,"2026-02-20",14,36,81,82
